{
  "hash": "920157a0",
  "configHash": "d4e7cd10",
  "lockfileHash": "a106fa34",
  "browserHash": "240362ce",
  "optimized": {
    "@angular/core": {
      "src": "../../../../../../node_modules/@angular/core/fesm2022/core.mjs",
      "file": "@angular_core.js",
      "fileHash": "f1aaaf2a",
      "needsInterop": false
    },
    "@angular/platform-browser": {
      "src": "../../../../../../node_modules/@angular/platform-browser/fesm2022/platform-browser.mjs",
      "file": "@angular_platform-browser.js",
      "fileHash": "0dfff435",
      "needsInterop": false
    },
    "@angular/router": {
      "src": "../../../../../../node_modules/@angular/router/fesm2022/router.mjs",
      "file": "@angular_router.js",
      "fileHash": "ce2d81dd",
      "needsInterop": false
    },
    "@angular/forms": {
      "src": "../../../../../../node_modules/@angular/forms/fesm2022/forms.mjs",
      "file": "@angular_forms.js",
      "fileHash": "355805d6",
      "needsInterop": false
    },
    "@angular/common": {
      "src": "../../../../../../node_modules/@angular/common/fesm2022/common.mjs",
      "file": "@angular_common.js",
      "fileHash": "663a35bc",
      "needsInterop": false
    },
    "@angular/common/http": {
      "src": "../../../../../../node_modules/@angular/common/fesm2022/http.mjs",
      "file": "@angular_common_http.js",
      "fileHash": "be449424",
      "needsInterop": false
    }
  },
  "chunks": {
    "chunk-NO365PCT": {
      "file": "chunk-NO365PCT.js"
    },
    "chunk-MTLKUEXS": {
      "file": "chunk-MTLKUEXS.js"
    },
    "chunk-QRPWEIZA": {
      "file": "chunk-QRPWEIZA.js"
    },
    "chunk-PXXAIYND": {
      "file": "chunk-PXXAIYND.js"
    }
  }
}